AT,AUTRICHE
BE,BELGIQUE
BG,BULGARIE
CH,SUISSE
CY,CHYPRE
CZ,RÉPUBLIQUE TCHÈQUE
DE,ALLEMAGNE
DK,DANEMARK
EE,ESTONIE
ES,ESPAGNE
FI,FINLANDE
FR,FRANCE
GR,GRÈCE
HR,CROATIE
HU,HONGRIE
IE,IRLANDE
IS,ISLANDE
IT,ITALIE
LI,LIECHTENSTEIN
LT,LITUANIE
LU,LUXEMBOURG
LV,LETTONIE
MT,MALTE
NL,PAYS-BAS
NO,NORVÈGE
PL,POLOGNE
PT,PORTUGAL
RO,ROUMANIE
SE,SUÈDE
SI,SLOVÉNIE
SK,SLOVAQUIE
TR,TURQUIE
GB,ROYAUME-UNI
AD,ANDORRE
AE,ÉMIRATS ARABES UNIS
AF,AFGHANISTAN
AG,ANTIGUA-ET-BARBUDA
AI,ANGUILLA
AL,ALBANIE
AM,ARMÉNIE
AN,ANTILLES NÉERLANDAISES
AO,ANGOLA
AQ,ANTARCTIQUE
AR,ARGENTINE
AS,SAMOA-AMÉRICAINES
AU,AUSTRALIE
AW,ARUBA
AZ,AZERBAÏDJAN
BA,BOSNIE-ET-HERZÉGOVINE
BB,BARBADE
BD,BANGLADESH
BF,BURKINA FASO
BH,BAHREÏN
BI,BURUNDI
BJ,BÉNIN
BM,BERMUDES
BN,NEGARA BRUNEI DARUSSALAM
BO,BOLIVIE
BR,BRÉSIL
BS,BAHAMAS
BT,BHOUTAN
BW,BOTSWANA
BY,BELARUS
BZ,BELIZE
CA,CANADA
CC,ÎLES COCOS (KEELING)
CD,RÉPUBLIQUE DÉMOCRATIQUE DU CONGO
CF,RÉPUBLIQUE CENTRAFRICAINE
CG,RÉPUBLIQUE DU CONGO
CI,CÔTE D'IVOIRE
CK,ÎLES COOK
CL,CHILI
CM,CAMEROUN
CN,CHINE
CO,COLOMBIE
CR,COSTA RICA
CU,CUBA
CV,CAP-VERT
CX,ÎLE CHRISTMAS
DJ,DJIBOUTI
DM,DOMINIQUE
DO,RÉPUBLIQUE DOMINICAINE
DZ,ALGÉRIE
EC,ÉQUATEUR
EG,ÉGYPTE
EH,SAHARA OCCIDENTAL
ER,ÉRYTHRÉE
ET,ÉTHIOPIE
FJ,FIDJI
FK,ÎLES FALKLAND (MALOUINES)
FM,MICRONÉSIE, ÉTATS FÉDÉRÉS DE
FO,ÎLES FÉROÉ
GA,GABON
GD,GRENADE
GE,GÉORGIE
GF,GUYANE FRANÇAISE
GH,GHANA
GI,GIBRALTAR
GL,GROENLAND
GM,GAMBIE
GN,GUINÉE
GP,GUADELOUPE
GQ,GUINÉE ÉQUATORIALE
GS,ÎLES GÉORGIE DU SUD ET SANDWICH DU SUD
GT,GUATEMALA
GU,GUAM
GW,GUINÉE-BISSAU
GY,GUYANA
HK,HONG-KONG
HM,ÎLES HEARD ET MCDONALD
HN,HONDURAS
HT,HAÏTI
ID,INDONÉSIE
IL,ISRAËL
IN,INDE
IO,TERRITOIRE BRITANNIQUE DE L'OCÉAN INDIEN
IQ,IRAK
IR,IRAN (RÉPUBLIQUE ISLAMIQUE D')
JM,JAMAÏQUE
JO,JORDANIE
JP,JAPON
KE,KENYA
KG,KIRGHIZSTAN
KH,CAMBODGE
KI,KIRIBATI
KM,COMORES
KN,SAINT-CHRISTOPHE-ET-NEVIS
KP,CORÉE, RÉPUBLIQUE DE
KR,CORÉE, RÉPUBLIQUE POPULAIRE DÉMOCRATIQUE DE
KW,KOWEÏT
KY,ÎLES CAYMAN
KZ,KAZAKHSTAN
LA,RÉPUBLIQUE DÉMOCRATIQUE POPULAIRE LAO
LB,LIBAN
LK,SRI LANKA
LR,LIBERIA
LS,LESOTHO
LY,GRANDE JAMAHIRIYA ARABE LIBYENNE POPULAIRE ET SOCIALISTE
MA,MAROC
MC,MONACO
MD,MOLDOVA, RÉPUBLIQUE DE
ME,MONTÉNÉGRO
MG,MADAGASCAR
MH,ÎLES MARSHALL
MK,MACÉDOINE, ANCIENNE RÉPUBLIQUE YOUGOSLAVE DE
ML,MALI
MM,MYANMAR
MN,MONGOLIE
MO,MACAO
MP,ÎLES MARIANNES DU NORD
MQ,MARTINIQUE
MR,MAURITANIE
MS,MONTSERRAT
MU,MAURICE
MV,MALDIVES
MW,MALAWI
MX,MEXIQUE
MY,MALAISIE
MZ,MOZAMBIQUE
NA,NAMIBIE
NC,NOUVELLE-CALÉDONIE
NE,NIGER
NF,ÎLE NORFOLK
NG,NIGERIA
NI,NICARAGUA
NP,NÉPAL
NR,NAURU
NU,NIUÉ
NZ,NOUVELLE-ZÉLANDE
OM,OMAN
PA,PANAMA
PE,PÉROU
PF,POLYNÉSIE FRANÇAISE
PG,PAPOUASIE - NOUVELLE-GUINÉE
PH,PHILIPPINES
PK,PAKISTAN
PN,PITCAIRN
PR,PORTO RICO
PS,TERRITOIRES PALESTINIENS OCCUPÉS
PW,PALAU
PY,PARAGUAY
QA,QATAR
RE,RÉUNION
RS,SERBIE
RU,FÉDÉRATION DE RUSSIE
RW,RWANDA
SA,ARABIE SAOUDITE
SB,ÎLES SALOMON
SC,SEYCHELLES
SD,SOUDAN
SG,SINGAPOUR
SJ,ÎLES SVALBARD ET JAN MAYEN
SL,SIERRA LEONE
SM,SAINT-MARIN
SN,SÉNÉGAL
SO,SOMALIE
SR,SURINAME
ST,SÃO TOMÉ E PRÍNCIPE
SV,EL SALVADOR
SY,RÉPUBLIQUE ARABE SYRIENNE
SZ,SWAZILAND
TC,ÎLES TURKS-ET-CAICOS
TD,TCHAD
TF,TERRITOIRES FRANÇAIS DU SUD
TG,TOGO
TH,THAÏLANDE
TJ,TADJIKISTAN
TK,TOKÉLAOU
TL,TIMOR-ORIENTAL
TM,TURKMÉNISTAN
TN,TUNISIE
TO,TONGA
TT,TRINIDAD-ET-TOBAGO
TV,TUVALU
TW,TAÏWAN
TZ,TANZANIE, RÉPUBLIQUE UNIE DE
UA,UKRAINE
UG,OUGANDA
UM,ÎLES MINEURES ÉLOIGNÉES DES ÉTATS-UNIS
US,ÉTATS-UNIS
UY,URUGUAY
UZ,OUZBÉKISTAN
VA,ÉTAT DE LA CITÉ DU VATICAN (SAINT-SIÈGE)
VC,SAINT-VINCENT-ET-LES-GRENADINES
VE,VENEZUELA
VG,ÎLES VIERGES (BRITANNIQUES)
VI,ÎLES VIERGES (AMÉRICAINES)
VN,VIÊT NAM
VU,VANUATU
WF,WALLIS-ET-FUTUNA
WL,SAINTE-LUCIE
WS,SAMOA
YE,YÉMEN
YT,MAYOTTE
ZA,AFRIQUE DU SUD
ZM,ZAMBIE
ZW,ZIMBABWE